[
  {
    "type": "MissedCall",
    "timestamp": 1000,
    "sender": "(404) 555-1234",
    "priority": 4
  },
  {
    "type": "MissedCall",
    "timestamp": 5000,
    "sender": "(404) 555-1234",
    "priority": 3
  },
  {
    "type": "Tweet",
    "timestamp": 7000,
    "sender": "@georgiatech",
    "message": "Everyone loves two factor authentication",
    "priority": 3,
    "retweets": 2320,
    "favorites": 21000
  },
  {
    "type": "MissedCall",
    "timestamp": 10000,
    "sender": "(404) 555-1234",
    "priority": 2
  },
  {
    "type": "MissedCall",
    "timestamp": 20000,
    "sender": "(404) 555-1234",
    "priority": 1
  },
  {
    "type": "Email",
    "timestamp": 25000,
    "sender": "CS -4590 -A on Piazza",
    "message": "Event Stream Selection Buttons",
    "priority": 2,
    "contentSummary": 2
  },
  {
    "type": "MissedCall",
    "timestamp": 30000,
    "sender": "(404) 555-1234",
    "priority": 1
  },
  {
    "type": "TextMessage",
    "timestamp": 35000,
    "sender": "My Boo",
    "message": "Where should we get dinner tonight Love you Schmoopie",
    "priority": 3,
    "contentSummary": 1
  },
  {
    "type": "Email",
    "timestamp": 39000,
    "sender": "noreply.peoplesoft@business.gatech.edu",
    "message": "Action Required Sent Back Expense Report # 00097364720184358",
    "priority": 2,
    "contentSummary": 2
  },
  {
    "type": "VoiceMail",
    "timestamp": 40000,
    "sender": "(404) 555-1234",
    "message": "This is SuperCoolCompany trying to reach you We want to offer you an awesome job but we need to hear back from you by the end of the day",
    "priority": 1,
    "contentSummary": 1
  },
  {
    "type": "Tweet",
    "timestamp": 41000,
    "sender": "@killthePJ",
    "message": "have you seen my new video?? I accidentally obliterate @pewdiepie's physical being. he is no longer of this realm",
    "priority": 4,
    "retweets": 93,
    "favorites": 1290
  }
]
